timestamp,position_x,position_y,position_z,orientation_x,orientation_y,orientation_z,orientation_w,covariance_0,covariance_1,covariance_6,covariance_7,covariance_35
1710501427421218006,-0.19982625544071164,-0.07649494707584469,0.0,0.0,0.0,0.10091973684380352,0.9948945706532816,0.001798153591986643,-0.00015035796758318688,-0.00015035796758318688,0.002109249016036434,0.00012036401125370985
1710501427691731161,-0.19982625544071161,-0.0764949470758447,0.0,0.0,0.0,0.10091973684380352,0.9948945706532816,0.0017638446596367188,-0.0001282498229155213,-0.0001282498229155213,0.002161632844871392,0.00012041523931865423
1710501427963495692,-0.19982625544071161,-0.07649494707584473,0.0,0.0,0.0,0.10091973684380352,0.9948945706532816,0.0019606152454857183,-0.0002280386415251574,-0.0002280386415251574,0.0021625197341946516,0.0001202770342819041
1710501428244085613,-0.19982625544071161,-0.07649494707584474,0.0,0.0,0.0,0.10091973684380352,0.9948945706532816,0.0018340598320933303,-0.00010333143989865441,-0.00010333143989865441,0.002035947697185151,0.00012042983919864576
1710501428514292382,-0.1998262554407116,-0.07649494707584473,0.0,0.0,0.0,0.10091973684380352,0.9948945706532816,0.0017665286832685874,-0.00012728069822381312,-0.00012728069822381312,0.0021648524316259378,0.0001203719199107009
1710501428919875524,-0.1998262554407116,-0.07649494707584474,0.0,0.0,0.0,0.10091973684380352,0.9948945706532816,0.00176905924222849,-0.0001279861107410933,-0.0001279861107410933,0.0021685020293629826,0.00012037158499410074
1710501429325032467,-0.19982625544071156,-0.07649494707584471,0.0,0.0,0.0,0.10091973684380352,0.9948945706532816,0.0018233300442274994,-0.00015442338512908704,-0.00015442338512908704,0.0021394270968329936,0.00012036898055803941
1710501430013051344,-0.19982625544071156,-0.07649494707584471,0.0,0.0,0.0,0.10091973684380352,0.9948945706532816,0.0018168129405837427,-0.00015333765840707045,-0.00015333765840707045,0.0021307470992558888,0.00012043127354538597
1710501430971364952,-0.19982625544071156,-0.07649494707584473,0.0,0.0,0.0,0.10091973684380352,0.9948945706532816,0.0018013148040319214,-0.00015178670111541627,-0.00015178670111541627,0.002112251692032888,0.00012043371135380383
1710501431376197898,-0.19982625544071161,-0.07649494707584474,0.0,0.0,0.0,0.10091973684380352,0.9948945706532816,0.0019704123015784935,-0.0002293903241077693,-0.0002293903241077693,0.002174905763234428,0.00012036792631540887
1710501431916465272,-0.19982625544071161,-0.07649494707584474,0.0,0.0,0.0,0.10091973684380352,0.9948945706532816,0.0019533772665099023,-0.00022742274802622188,-0.00022742274802622188,0.002154493591195963,0.00012041664245204673
1710501432321942804,-0.19982625544071156,-0.07649494707584475,0.0,0.0,0.0,0.10091973684380352,0.9948945706532816,0.0018455760987949516,-0.0001952498400211396,-0.0001952498400211396,0.002021825002121061,0.00012045224212444136
1710501432604410909,-0.19982625544071156,-0.07649494707584477,0.0,0.0,0.0,0.10091973684380352,0.9948945706532816,0.0019612972762729206,-0.00022788557264942486,-0.00022788557264942486,0.002161453105326453,0.00012042232713776603
1710501432874595641,-0.19982625544071153,-0.07649494707584475,0.0,0.0,0.0,0.10091973684380352,0.9948945706532816,0.00196969966459527,-0.0002291528805086353,-0.0002291528805086353,0.0021741808198360666,0.00012040599742433258
1710501433279800547,-0.1998262554407116,-0.07649494707584478,0.0,0.0,0.0,0.10091973684380352,0.9948945706532816,0.0018079309300472717,-0.0001525203320324817,-0.0001525203320324817,0.0021212377587424684,0.00012039093249715319
1710501433968193494,-0.19933293364752674,-0.10089299024114845,0.0,0.0,0.0,-0.12865746315226048,0.9916890930000313,0.002841408651996058,-0.000504841102372724,-0.000504841102372724,0.00374300862959756,0.00013295180345586764
1710501434373022255,-0.20030848963302858,-0.07309591388735256,0.0,0.0,0.0,-0.15971322416748113,0.9871634545636442,0.002306533469713069,-0.00014111114168956958,-0.00014111114168956958,0.0027669442374051874,0.00013254263547531303
1710501434643118044,-0.20030848963302858,-0.07309591388735262,0.0,0.0,0.0,-0.15971322416748113,0.9871634545636442,0.002256848924021365,-0.0001516571740716577,-0.0001516571740716577,0.0026244011597954166,0.00012074393909141847
1710501435453895498,-0.1996150937326851,-0.071771855873267,0.0,0.0,0.0,-0.15956310908099375,0.9871877299786536,0.0022043042118342275,-0.00013749555030303292,-0.00013749555030303292,0.002817146219296665,0.00013247843455436585
1710501436006526429,-0.21668123266090464,-0.09697797463092442,0.0,0.0,0.0,-0.4014810967531559,0.9158673096851329,0.0032607010494752208,-0.0005810569938753168,-0.0005810569938753168,0.0035317189022672476,0.0003092901253996535
1710501436411989961,-0.2139380442135979,-0.09440398910796616,0.0,0.0,0.0,-0.5735211882611109,0.8191907266415822,0.00285598187282501,-0.00024192948137509817,-0.00024192948137509817,0.0035396768821499627,0.0002274017800932948
1710501437369846759,-0.21291005262557083,-0.07594850964328756,0.0,0.0,0.0,0.8805085788473289,-0.47403021272515655,0.004008141545038693,-0.00029467531060925034,-0.00029467531060925034,0.005563841998565456,0.00022711143718503045
1710501438045289415,-0.2080217318080444,-0.08092902204925052,0.0,0.0,0.0,0.986738730286178,-0.16231659851420457,0.004365556540949246,-0.00040959575593005305,-0.00040959575593005305,0.005726246069959882,0.0003133340494858545
1710501438328225904,-0.2070686281718262,-0.08339142925746695,0.0,0.0,0.0,0.9995364523232502,-0.03044471180765247,0.0036045737275905406,-0.0007080435628938072,-0.0007080435628938072,0.0046645274886861175,0.0004188815264566579
1710501438868382520,-0.1949567002768472,-0.06929057701902967,0.0,0.0,0.0,0.9911174332690372,0.13298959910532646,0.0029342846880183997,-0.0004917145080618599,-0.0004917145080618599,0.004435031606154756,0.00031244033945711567
1710501439138787102,-0.19783263960733952,-0.06831922141689427,0.0,0.0,0.0,0.9911189531168169,0.132978271806431,0.002607576276610726,-0.0002817688449345177,-0.0002817688449345177,0.0038610970617995424,0.00013281575984986537
1710501439408543968,-0.22271471938491338,-0.06266368253343507,0.0,0.0,0.0,0.9910553359356497,0.1334515684189467,0.002586182374589901,-0.00040095377855137176,-0.00040095377855137176,0.0036769694894665367,0.00012129408009393337
1710501439678880607,-0.3098889459181488,-0.04135706331491694,0.0,0.0,0.0,0.9910524066510268,0.13347332044722596,0.0029329851850008587,-0.00016915371776318516,-0.00016915371776318516,0.003731666625918248,0.0001330324676538108
1710501439961780152,-0.36333214421363247,-0.029202842996423117,0.0,0.0,0.0,0.9912776494000021,0.13179006715229524,0.0032244753281608723,-0.0006025406949014278,-0.0006025406949014278,0.004434020485187085,0.00031216199986634064
1710501440366662264,-0.4509001266313243,-0.031116031162811624,0.0,0.0,0.0,0.9989563866229763,0.045674255606050033,0.0033631230522209246,-0.0005154159163144525,-0.0005154159163144525,0.004106428158590502,0.00023035668341923052
1710501440771879928,-0.5183689693805357,-0.019363766286455024,0.0,0.0,0.0,0.9989118840211002,-0.046637409462963936,0.003682287938031505,-0.0004633431899939441,-0.0004633431899939441,0.004539401804828844,0.00013309272306755287
1710501441729862725,-0.5127113138502017,-0.03326419668551044,0.0,0.0,0.0,0.9275726240798676,-0.37364291383296505,0.003637434384336906,-1.884409183883931e-05,-1.884409183883931e-05,0.0048024507137439795,0.0003150031786164333
1710501442270448059,-0.5227931680096252,-0.03307877127118923,0.0,0.0,0.0,-0.8165342359913742,0.5772970132037607,0.004184906190838644,-0.00012125935414480384,-0.00012125935414480384,0.004469288813905052,0.00022828145436195707
1710501442823573762,-0.5867954749878214,-0.181911734092818,0.0,0.0,0.0,-0.8065656788422343,0.5911444880177483,0.004075687321438204,-0.00036924847071629746,-0.00036924847071629746,0.004883951237599822,0.00016905754274516396
1710501443768961801,-0.6588091431247379,-0.47121158736682556,0.0,0.0,0.0,-0.8060051260864259,0.5919085543581919,0.004850295961088937,-0.0008041587172359678,-0.0008041587172359678,0.005542706977928392,0.000421173325455515
1710501444186658261,-0.6434925589024681,-0.47152787128985246,0.0,0.0,0.0,-0.8162781137116197,0.5776591045550998,0.004744076543097158,-0.0007224984826722817,-0.0007224984826722817,0.004947194360922289,0.00022831158241636273
1710501453606837445,-0.2779674190106729,-1.1304268166909348,0.0,0.0,0.0,-0.5302865589940741,0.8478184742916519,0.006310518711307868,0.000104437465856059,0.000104437465856059,0.004780917453010327,0.00031297866537508624
1710501453877195731,-0.2782397240417261,-1.1204437920895363,0.0,0.0,0.0,-0.6433593730252063,0.7655643128703254,0.004670490827793841,-0.00026915035931206926,-0.00026915035931206926,0.004198464453969669,0.0003129127916488869
1710501454148096049,-0.2674182749989342,-1.110950621474538,0.0,0.0,0.0,-0.7371949674334383,0.6756800870166383,0.0037377747360639014,-0.00018505548198372417,-0.00018505548198372417,0.0038156826389564406,0.0002289477888458678
1710501454417504289,-0.26704073018972374,-1.1012793916464054,0.0,0.0,0.0,-0.8209431226283403,0.5710099731258904,0.004290770932454664,-0.00023061772287499502,-0.00023061772287499502,0.004077097587527001,0.00012140537479807554
1710501460558637897,-0.9717745524312029,-2.296874378163785,0.0,0.0,0.0,-0.7322978652932567,0.6809844612668774,0.009922803548174512,-0.0037442669769871674,-0.0037442669769871674,0.009756622643522082,0.00022924829728127144
1710501460829182608,-0.9712270074032859,-2.369424656962092,0.0,0.0,0.0,-0.6837249242295625,0.7297398358232056,0.008853156521539503,-0.0021245380407186373,-0.0021245380407186373,0.005671358909998418,0.00022792136126693985
1710501461098994918,-0.9859121601088597,-2.4526520960390448,0.0,0.0,0.0,-0.6784780655849277,0.7346206602867459,0.01193058718562812,-0.004125851326601651,-0.004125851326601651,0.007033240654711647,0.0003107302016321744
1710501461381667725,-0.9695301711819088,-2.5386010054117887,0.0,0.0,0.0,-0.6788848067430826,0.734244795128578,0.009696268793908055,-0.0030387397861347623,-0.0030387397861347623,0.006571917745690558,0.0001334310364140998
1710501461651576553,-0.9548856139831016,-2.608926894786168,0.0,0.0,0.0,-0.6685517983241147,0.7436655787096728,0.008007966818878554,-0.0025930196686570904,-0.0025930196686570904,0.006238615619013066,0.00013339393186315
1710501461921816711,-0.9436426965857333,-2.6650450765943834,0.0,0.0,0.0,-0.611559076623275,0.7911987713588079,0.01038222358278781,-0.0029878731480472657,-0.0029878731480472657,0.006097628433006135,0.00016918357104869634
1710501462192197756,-0.9236382486693945,-2.728881078977178,0.0,0.0,0.0,-0.5569022697632746,0.830578028804346,0.00919617523048608,-0.002264490309833017,-0.002264490309833017,0.0059405457618887806,0.0001333695523304586
1710501462462454951,-0.8949704781382674,-2.798863081827008,0.0,0.0,0.0,-0.4994737775044245,0.8663290053931362,0.010222762553718054,-0.0027059824179475134,-0.0027059824179475134,0.0056327841335304515,0.00013321876887965677
1710501462745128369,-0.8568421724825492,-2.8573694268785945,0.0,0.0,0.0,-0.4411526254192859,0.8974320927433291,0.009105614146224284,-0.001831615478320149,-0.001831615478320149,0.005771148781179313,0.00016882426580578836
1710501463014999660,-0.823211208246393,-2.897852206773918,0.0,0.0,0.0,-0.37839896826728237,0.9256425988545774,0.010958272880240483,-0.0022484402015570818,-0.0022484402015570818,0.005856801293677257,0.00012122182631853376
1710501463285198041,-0.789944939696565,-2.9387824675639314,0.0,0.0,0.0,-0.30819659061956234,0.9513226905369586,0.014197628133348456,-0.0021941123383577873,-0.0021941123383577873,0.004666257771055601,0.0002290360407862697
1710501463555578531,-0.7901236591496033,-2.940555912378069,0.0,0.0,0.0,-0.19036201190466864,0.9817139626304633,0.016986785978188045,-0.003286218964784567,-0.003286218964784567,0.005642628937040127,0.00022741018993301522
1710501463825691819,-0.7501062369047894,-2.93009119848974,0.0,0.0,0.0,-0.046163835786124534,0.9989338818287783,0.009759013376251508,-0.001359782406488233,-0.001359782406488233,0.005661735123643336,0.00022682367474925085
1710501464108086240,-0.7503908890711865,-2.9408365594327663,0.0,0.0,0.0,0.08853967296004718,0.996072651121457,0.009677435736147367,-0.0012895313769584933,-0.0012895313769584933,0.0052736400209059476,0.00022838284778211806
1710501464378392823,-0.7647253514459361,-2.93135096541062,0.0,0.0,0.0,0.2222312265828025,0.9749939907155855,0.012982106189810737,-0.0023718994160728184,-0.0023718994160728184,0.0056261865182685245,0.00031092546481442516
1710501464648653277,-0.7029958407573383,-2.9354144815633725,0.0,0.0,0.0,0.3086224914704514,0.9511846076123032,0.009369450895651653,-0.00020641741062281234,-0.00020641741062281234,0.00518862550218587,0.00022800819284654128
1710501464919043489,-0.6760745847499166,-2.8758880461471077,0.0,0.0,0.0,0.3147244037928052,0.9491830959605546,0.012268739770585223,-0.0027422078705924557,-0.0027422078705924557,0.005811681135706165,0.00016857237045733776
1710501465201319337,-0.5897512893415652,-2.816577309135249,0.0,0.0,0.0,0.3157741937237263,0.9488343683584246,0.009735030994991551,-0.0007366091699264268,-0.0007366091699264268,0.005472110488457384,0.00016905054954154483
1710501465471382126,-0.5438767068082018,-2.767951285185311,0.0,0.0,0.0,0.3136734734462981,0.9495309115853652,0.00997693387370455,-0.0002924775603636986,-0.0002924775603636986,0.0044964662218338275,0.00016878916216717563
1710501465877136322,-0.45414894919597165,-2.6944733994810113,0.0,0.0,0.0,0.31362380490071395,0.9495473179360778,0.009096057103268775,0.00015900165319383884,0.00015900165319383884,0.003330948304203194,0.00012111036745271756
1710501466147032428,-0.38778177623381727,-2.6558236086246674,0.0,0.0,0.0,0.31367689508705104,0.9495297812541464,0.006488390374166714,0.0005945734337845682,0.0005945734337845682,0.002617604882244087,0.00012116203182767514
1710501466417212938,-0.3216789045064894,-2.5970943844256795,0.0,0.0,0.0,0.3123376278715973,0.9499711607283369,0.005645043394416633,0.0005924759219672668,0.0005924759219672668,0.0027032236534008072,0.00013330752811846995
1710501466699824190,-0.25194754478514864,-2.5462286922584987,0.0,0.0,0.0,0.3116893437351817,0.9501840626962398,0.006850987733397123,0.001023495641309241,0.001023495641309241,0.002763440967058617,0.00012119529984047716
1710501466969957146,-0.2053173829881711,-2.5216566187168934,0.0,0.0,0.0,0.29277554821156404,0.9561811953648838,0.005752885154856368,0.0007554096423049019,0.0007554096423049019,0.00269223903368464,0.00013331450612240326
1710501467240149267,-0.15872839265167854,-2.4781151819651726,0.0,0.0,0.0,0.24628685238181536,0.9691969801561796,0.006013913945831653,0.0007819852637109734,0.0007819852637109734,0.002508974311777955,0.0001211475357779093
1710501467510552405,-0.08516871464062292,-2.4382259460243323,0.0,0.0,0.0,0.2460415376674075,0.969259285094684,0.006121105597170332,0.000688845139850831,0.000688845139850831,0.0027203535364586488,0.00012116602592753521
1710501467792889844,-0.019418446525671963,-2.3971872419428477,0.0,0.0,0.0,0.24766124563079545,0.96884668932324,0.00617722579439623,0.0010543129670729963,0.0010543129670729963,0.0029004047586447083,0.00012126083159882409
1710501468063502480,0.053453282614563113,-2.3578406402466046,0.0,0.0,0.0,0.24753015242273532,0.9688801905507086,0.00535696160259944,0.0006637573229099985,0.0006637573229099985,0.0025414367505668806,0.0001212784795958135
1710501468333446659,0.1281483013432223,-2.318346155647806,0.0,0.0,0.0,0.24769673407207016,0.9688376169049332,0.006774502751960638,0.0014476894452424393,0.0014476894452424393,0.0031026706904889643,0.00013334447136272143
1710501468603472208,0.21005493274308296,-2.2692008688002936,0.0,0.0,0.0,0.24741549225709927,0.9689094767784951,0.0056203325879052215,0.0009640097224452638,0.0009640097224452638,0.0026403268911413987,0.00013307054238659974
1710501468873598275,0.272485530205891,-2.2299073993462657,0.0,0.0,0.0,0.24948472123866366,0.9683787347254516,0.005322296635278918,0.0008035260754978948,0.0008035260754978948,0.002785814303505343,0.00012120694215262372
1710501469156042084,0.3481186296456779,-2.1885004919763547,0.0,0.0,0.0,0.2488103917654071,0.9685522128153673,0.00492331934081002,0.0005608583622803933,0.0005608583622803933,0.0028720132582351443,0.00012118866618442326
1710501469426326186,0.4198974569428596,-2.1496743293381466,0.0,0.0,0.0,0.24920441135500682,0.9684509080801177,0.004518070769683574,0.0006181171958108129,0.0006181171958108129,0.002438656478370059,0.00012119410471708959
1710501469696659695,0.49238999031927544,-2.1004064595593506,0.0,0.0,0.0,0.24800499561804906,0.9687587533274171,0.004741935782547067,0.0006709904912274475,0.0006709904912274475,0.0025372892236150335,0.0001212205255850567
1710501469966796261,0.5646968172612377,-2.0614818490396396,0.0,0.0,0.0,0.24482073433893173,0.9695683617145034,0.004729370778840894,0.0003618533256040941,0.0003618533256040941,0.0027202572980799325,0.0001691840143949742
1710501470236890476,0.636964656936353,-2.0124512318614887,0.0,0.0,0.0,0.24890867575762732,0.9685269594247671,0.004573955401848442,0.0006225534584541392,0.0006225534584541392,0.002462559851213194,0.00016895474924769044
1710501470519473395,0.7025053497260776,-1.9716509544712846,0.0,0.0,0.0,0.2480018997251605,0.9687595458795291,0.004159380647099099,0.0005494207529693751,0.0005494207529693751,0.002622296319081933,0.00012114786888773422
1710501470924904575,0.8115506669471101,-1.902891070439237,0.0,0.0,0.0,0.24795892656989424,0.9687705459675712,0.004314338410545433,0.0007270885837451568,0.0007270885837451568,0.0025285036249826595,0.0001328363346540497
1710501471195037938,0.8841728209377392,-1.8738104820367147,0.0,0.0,0.0,0.24604594217913167,0.9692581670211418,0.00424065365925626,0.0007460775006187198,0.0007460775006187198,0.002410862676258341,0.00012124517070864199
1710501471465020377,0.9662346811431431,-1.8246053074088102,0.0,0.0,0.0,0.2482337636920996,0.9687001592666612,0.0042126666713577544,0.0006019103615655022,0.0006019103615655022,0.0024787073499034354,0.00013327226061170196
1710501471748642303,1.0298997259132745,-1.7844462970549917,0.0,0.0,0.0,0.2467198004930026,0.969086858875247,0.00372838614389742,0.00045354456055729525,0.00045354456055729525,0.002218161268018497,0.00013331046539762998
1710501472017897416,1.0868267103408875,-1.7546042160078867,0.0,0.0,0.0,0.24623734590412155,0.9692095591161356,0.0035587367818826106,0.0004573054119971488,0.0004573054119971488,0.0024083589121677877,0.00012130908770214427
1710501472288278350,1.1208617475790579,-1.734962994085384,0.0,0.0,0.0,0.24783816377383372,0.9688014474479352,0.003889042527549235,0.0005166159809870782,0.0005166159809870782,0.002595872210608776,0.00013305452611016196
1710501472558281899,1.1932554997078793,-1.6856651229602386,0.0,0.0,0.0,0.24596238884943344,0.9692793731796215,0.003379150169515452,0.00034198990141651745,0.00034198990141651745,0.0025614129942228762,0.00016897903717845122
1710501472976417670,1.3047165914421763,-1.6265440961311814,0.0,0.0,0.0,0.24549209898465188,0.9693985915690768,0.0038393892207322536,0.0004650764678581922,0.0004650764678581922,0.0024874098252250856,0.00013320857429846263
1710501473381542780,1.4127301847857345,-1.5690082583141247,0.0,0.0,0.0,0.24679197678773115,0.9690684806520146,0.004094934330772701,0.0006229442505010794,0.0006229442505010794,0.0024537135045147986,0.00012120690113766588
1710501473651695698,1.483342148543803,-1.5415306176053496,0.0,0.0,0.0,0.22315078338336536,0.9747839390733674,0.003991294894867399,0.0005433984162676477,0.0005433984162676477,0.002235267546148172,0.00013316376850702595
1710501473921426305,1.527215783491935,-1.4984717888919672,0.0,0.0,0.0,0.20083135631982102,0.9796258297527383,0.004062947607502549,0.00040036760380227055,0.00040036760380227055,0.00241494080853176,0.00012133116017926569
1710501474204121816,1.6060724819812142,-1.4649377953811034,0.0,0.0,0.0,0.20354461142759936,0.9790656725464271,0.00447425581681989,0.0005268659277832496,0.0005268659277832496,0.002268913704611707,0.0001330335660434606
1710501474474310752,1.6920609105913629,-1.4323146536463027,0.0,0.0,0.0,0.2044172232594981,0.978883853598003,0.004227013706625032,0.0003983150904871801,0.0003983150904871801,0.0023797079290127096,0.00013340627616495408
1710501474744495281,1.7671389985937027,-1.400063178091579,0.0,0.0,0.0,0.20434564007060654,0.9788987993577958,0.0042510393459236585,0.0005178921401748916,0.0005178921401748916,0.0024242123288999214,0.00013272228698956538
1710501475014765457,1.843108227877318,-1.3678055986196123,0.0,0.0,0.0,0.2047785232221866,0.9788083348781519,0.004163346421559627,0.0006070963940952379,0.0006070963940952379,0.002384101416362975,0.0001330638835262667
1710501475284734988,1.9089716497645706,-1.3247643125902593,0.0,0.0,0.0,0.20288263213348431,0.9792030624842782,0.00387523336494419,0.0005318201391669649,0.0005318201391669649,0.0024429130680784575,0.00013292545946243847
1710501475567645922,1.9879552912206513,-1.2907536560960606,0.0,0.0,0.0,0.2039992555101084,0.9789710433671271,0.0038575571029570463,0.00038794161542807416,0.00038794161542807416,0.002392786686013351,0.00012116866694834096
1710501475972897308,2.1020928662495346,-1.2316187797517297,0.0,0.0,0.0,0.20433172942148858,0.9789017031099821,0.0038138434410621897,0.0005484209010476405,0.0005484209010476405,0.002524608869501621,0.0001332649590388338
1710501476242954431,2.177912080152929,-1.198865486791264,0.0,0.0,0.0,0.2035335001816569,0.979067982473027,0.0038072842540444827,0.0005663432337711474,0.0005663432337711474,0.0026348699517443888,0.00013263100306296522
1710501476512941573,2.2519368871912606,-1.1674799342118143,0.0,0.0,0.0,0.20415226881814016,0.9789391457779211,0.003995587032763436,0.000810463527507983,0.000810463527507983,0.0026628504778897807,0.00013287742002484075
1710501476795915506,2.332049141564685,-1.1228570089438517,0.0,0.0,0.0,0.20251022024134713,0.9792801492411664,0.004311770101962173,0.0009345846755417592,0.0009345846755417592,0.002782531444323689,0.00013214487947309667
1710501477065813927,2.407159501449791,-1.1001553476978916,0.0,0.0,0.0,0.20482367514794314,0.9787988874630426,0.003988488370918142,0.0006618250412539944,0.0006618250412539944,0.0029312860265069494,0.0001327872062877408
1710501477470962017,2.5208189074089646,-1.0508478021247358,0.0,0.0,0.0,0.20105956302273004,0.9795790178015804,0.0041133781793027,0.0009267537360651046,0.0009267537360651046,0.0025339880601340952,0.00013230463418353948
1710501477753652398,2.590406165829954,-0.996484210284626,0.0,0.0,0.0,0.20481749948893704,0.9788001797624984,0.0037006754053246103,0.0005882585511374703,0.0005882585511374703,0.00256775016099637,0.00013258554075794068
1710501478023841316,2.6571369353808643,-0.9725032119475674,0.0,0.0,0.0,0.20404768791265146,0.9789609497102023,0.0034750017297983317,0.000524800608609529,0.000524800608609529,0.00259451911859549,0.0001206801129698261
1710501478294069900,2.7434708119257745,-0.9395362431890357,0.0,0.0,0.0,0.20362699833762818,0.9790485409559669,0.003630517092059167,0.00042228124372740126,0.00042228124372740126,0.00250818283400747,0.00012092972975834279
1710501478564262391,2.810009279975702,-0.9075376965826143,0.0,0.0,0.0,0.20263483113433578,0.9792543720663999,0.0032759778462589494,0.00038397615614509415,0.00038397615614509415,0.00263749553731398,0.0001328992153897746
1710501478981896112,2.9286537033802738,-0.847316682840178,0.0,0.0,0.0,0.20094697664517255,0.9796021195246387,0.0037620046863563227,0.0004898189371613186,0.0004898189371613186,0.00259726975594422,0.00012097239696109158
1710501479252019679,3.005152428622047,-0.8145148103057337,0.0,0.0,0.0,0.20488394269225316,0.9787862739264775,0.0035229283489851236,0.0007020806955005074,0.0007020806955005074,0.002887787552333367,0.00013298858719353323
1710501479522148967,3.0817582612727046,-0.7818882018300937,0.0,0.0,0.0,0.2045797563459595,0.9788498982445816,0.0035788848807543757,0.0006188848008085672,0.0006188848008085672,0.0027899824622799945,0.00013337927197483036
1710501479792482791,3.1585472938164276,-0.7488723484175286,0.0,0.0,0.0,0.2031503795653473,0.9791475492909408,0.003406422669592768,0.000512498879546358,0.000512498879546358,0.0025533642578797707,0.00013247073594430014
1710501480210081919,3.2764894365837267,-0.6878485727694587,0.0,0.0,0.0,0.20591547419011136,0.9785697816145058,0.0033086196165988267,0.0002328794061547472,0.0002328794061547472,0.0025234594899512974,0.00016922104742771684
1710501480480216745,3.3527524270465894,-0.6546749110620527,0.0,0.0,0.0,0.20455403814729362,0.978855272998841,0.003404015622768666,0.00041232824209343883,0.00041232824209343883,0.0025536276482665656,0.00013261513564362168
1710501480750599550,3.428957416812838,-0.6219739524523558,0.0,0.0,0.0,0.20526776142065545,0.9787058527061913,0.0033332335101877385,0.00010319374184633906,0.00010319374184633906,0.0026919601975398466,0.00012113098783654844
1710501481021188148,3.5039441760774555,-0.5791525686922867,0.0,0.0,0.0,0.20529437994366273,0.978700269522568,0.003501214742719788,0.000253363807600289,0.000253363807600289,0.0026078715398758262,0.0001331530396771571
1710501481303426015,3.582423317633901,-0.5449971190999998,0.0,0.0,0.0,0.2055134224071764,0.9786542970888594,0.0035433047904582043,0.00046720967164052136,0.00046720967164052136,0.002728339849165119,0.00013267084056292028
1710501481573501027,3.658578667066466,-0.5120036388887881,0.0,0.0,0.0,0.20693181542542027,0.978355366809392,0.0034362513045500917,0.00033564503067419954,0.00033564503067419954,0.0023361080710338758,0.00013317164497249432
1710501482113851084,3.809971050989506,-0.4459538723905567,0.0,0.0,0.0,0.20494408510410728,0.9787736827177366,0.003479451482201856,0.00046377358857432194,0.00046377358857432194,0.0026809247204088744,0.00013290666617662557
1710501482383841097,3.8865072916152075,-0.4026030728528061,0.0,0.0,0.0,0.20558638570949045,0.9786389722522338,0.0036066136634560777,0.0004242840378646874,0.0004242840378646874,0.0028205244897584808,0.00013321227170178418
1710501482666481237,3.95400513822202,-0.36887060320986487,0.0,0.0,0.0,0.20329173930091568,0.9791182097847065,0.003216016861866672,0.00026411030314364914,0.00026411030314364914,0.0030573421999463735,0.00013275607231454152
1710501483071758790,4.07657205121404,-0.32072934580407003,0.0,0.0,0.0,0.20518979993492362,0.9787222006282814,0.003499472710153036,0.0005585651978061629,0.0005585651978061629,0.002696685190631032,0.0001332329162080355
1710501483342113206,4.1521648916664,-0.27836949347261625,0.0,0.0,0.0,0.20442532695840857,0.9788821612931496,0.00330427429559179,0.0003859880265970356,0.0003859880265970356,0.0026680088955540297,0.00012114033378207786
1710501483612300809,4.218115487008295,-0.23605094472966898,0.0,0.0,0.0,0.2046833948588973,0.978828232055572,0.003282213223655818,0.00039662522131546027,0.00039662522131546027,0.0028279133824439763,0.0001329078323514564
1710501483894812895,4.3059048686363015,-0.20318846519836975,0.0,0.0,0.0,0.20348415159566385,0.979078240004032,0.0032470645674203646,0.0006196682340468019,0.0006196682340468019,0.0030943295279430723,0.0001683481002480517
1710501484164859444,4.364565440288117,-0.15529693739567124,0.0,0.0,0.0,0.2507285799115703,0.9680574255773917,0.0042260163178223144,0.0011569850805394502,0.0011569850805394502,0.0037422632318378753,0.00022768453955778457
1710501484435667355,4.4202335475869265,-0.10951422937350347,0.0,0.0,0.0,0.32019252401804194,0.9473524938284353,0.0031392310398456833,0.0002542312880574265,0.0002542312880574265,0.002994032775568743,0.0001687935282227136
1710501484705175354,4.4701851390768725,-0.07699584284816387,0.0,0.0,0.0,0.38156203715626474,0.9243432326799181,0.0033428400856010143,0.0003080370076792707,0.0003080370076792707,0.00297515975391552,0.00013296931974384838
1710501485123233311,4.536138842225227,0.0011243429251808004,0.0,0.0,0.0,0.47201379535784194,0.8815911620427495,0.0032660483418372847,0.0003907426595362968,0.0003907426595362968,0.003632526134315717,0.00013294555676779575
1710501485393673615,4.569239530905717,0.047645232570761524,0.0,0.0,0.0,0.529632564600613,0.8482271785993287,0.003095845427657879,0.00033688543354781325,0.00033688543354781325,0.0030810007824835007,0.00012110402775008604
1710501485663306779,4.594534369514151,0.10863394895714445,0.0,0.0,0.0,0.5858059907148372,0.8104513194773688,0.0032021618278331846,0.00037268580241476965,0.00037268580241476965,0.0034231150589999976,0.00012103063710388282
1710501485945861253,4.602812721652996,0.17466085202949838,0.0,0.0,0.0,0.6383424687598783,0.76975248786707,0.0030553121156972353,0.0003514942924701176,0.0003514942924701176,0.004017722750298976,0.00022809851762585747
1710501486216252669,4.610331745011467,0.23805798960151928,0.0,0.0,0.0,0.6892965539026508,0.724479303208815,0.0031475430622674005,0.00014539754309436542,0.00014539754309436542,0.004146865532397577,0.00022789562376104237
1710501486486161775,4.623077854959395,0.31798564735951695,0.0,0.0,0.0,0.7090239737315812,0.7051843763682503,0.0029626857604464355,2.8987377594598895e-06,2.8987377594598895e-06,0.004300580181772184,0.00022817668459793806
1710501486756499969,4.623626416000833,0.3975997400979651,0.0,0.0,0.0,0.7076241401476773,0.7065890434193416,0.003080603111271631,-4.289321533029515e-06,-4.289321533029515e-06,0.004108908282234961,0.00013333005745930514
1710501487038929333,4.624506604535719,0.47238430996386704,0.0,0.0,0.0,0.706188745433603,0.7080236265993627,0.002958165051586071,-0.0002229373909312032,-0.0002229373909312032,0.004432028939507265,0.00013321789081551815
1710501487309313175,4.603742296368315,0.5563226648785734,0.0,0.0,0.0,0.73168451716254,0.6816434312341172,0.002960670738316183,-0.00014258772850050974,-0.00014258772850050974,0.004813745011396009,0.00031168733417263634
1710501487579254651,4.583683825751861,0.6223242940749323,0.0,0.0,0.0,0.7787251074631599,0.6273652899280372,0.003122766901797053,-0.0002823602395304149,-0.0002823602395304149,0.004711452079320989,0.00012134605503001813
1710501487849552808,4.5761355056111634,0.6932161579904843,0.0,0.0,0.0,0.7791051025480844,0.6268933236074054,0.0033855745952655436,-0.0005072791412134404,-0.0005072791412134404,0.0051317682093194915,0.00022770889797374104
1710501488132179134,4.569070149723345,0.7762726265916606,0.0,0.0,0.0,0.7782345921509626,0.627973661533368,0.0032214941483962992,-0.0006446085537813759,-0.0006446085537813759,0.0049684442553087575,0.00012120681822763066
1710501488402473476,4.54253712832933,0.8560178077444364,0.0,0.0,0.0,0.7790273430895234,0.6269899510509542,0.0029924878414160886,-0.0006666268730980284,-0.0006666268730980284,0.004619171998935481,0.00013329253521773176
1710501488672786060,4.507444101894482,0.9409245089738525,0.0,0.0,0.0,0.8043082789245479,0.5942122452907138,0.003621109129824266,-0.0007324311053368656,-0.0007324311053368656,0.004303877226873584,0.00013289085907830162
1710501488942680499,4.492434115129832,1.0042891942004513,0.0,0.0,0.0,0.8450701218689873,0.5346554863875753,0.0037498169401630247,-0.0005134296112053745,-0.0005134296112053745,0.00508545969488933,0.00022704948923762678
1710501489225188696,4.465402733889185,1.0624032448621812,0.0,0.0,0.0,0.8481612984242376,0.529738059662803,0.0034200423714129944,-0.0010583051499280683,-0.0010583051499280683,0.005965369930123725,0.0003101736713267739
1710501489495628056,4.431699806304257,1.1308120557320454,0.0,0.0,0.0,0.8491485067639217,0.5281541569093273,0.003224993930656894,-0.0008259274530411897,-0.0008259274530411897,0.00527341765940458,0.00013330670766405783
1710501489765544809,4.386054685482163,1.203894585858185,0.0,0.0,0.0,0.8474559881888278,0.5308656591670791,0.003035341140383642,-0.000856950765944115,-0.000856950765944115,0.004314004371564437,0.0001334251892348755
1710501490036143686,4.351378290373003,1.2773701575016865,0.0,0.0,0.0,0.8482671189079365,0.5295685932715692,0.0028064712532622897,-0.0006957582932901339,-0.0006957582932901339,0.0042719731118236876,0.00012124642148274489
1710501490319213025,4.314452097077976,1.3543962855504394,0.0,0.0,0.0,0.8487317271362177,0.5288236524138958,0.00328271974559621,-0.0008992537445702705,-0.0008992537445702705,0.004201560133714869,0.00013321766035030515
1710501490588495193,4.279724390588192,1.4273497571947276,0.0,0.0,0.0,0.8483291509181827,0.5294692169545221,0.0026820077352238112,-0.0006363954779113463,-0.0006363954779113463,0.003962115399344262,0.00012114394928288508
1710501490858839128,4.2346643541511275,1.51083277308464,0.0,0.0,0.0,0.8491631698857391,0.528130581305044,0.0031454223904384235,-0.0007382177290602876,-0.0007382177290602876,0.00411672051197882,0.0001211041629118448
1710501491263912609,4.182148780953859,1.6104466251828409,0.0,0.0,0.0,0.8482518489380083,0.5295930520439736,0.002709049901531749,-0.0006318989012181118,-0.0006318989012181118,0.004560287141412681,0.00012097840178697733
1710501491546767599,4.120499344453686,1.6942005449829007,0.0,0.0,0.0,0.866396868066775,0.49935605233548874,0.0027996413966557246,-0.0006531115607478817,-0.0006531115607478817,0.005858946141855655,0.00030908717988896764
1710501491816948479,4.08418004602167,1.7386778863054813,0.0,0.0,0.0,0.8991020103655427,0.43773916315157313,0.0033282789255527894,-0.0005162359394415951,-0.0005162359394415951,0.004324571956440383,0.00016669582411639488
1710501492086994176,4.050838595039753,1.7776210247144442,0.0,0.0,0.0,0.9264305187460622,0.3764657938457387,0.0031024955220847264,-0.0010007334602265153,-0.0010007334602265153,0.00467592506690176,0.00013265129454139444
1710501492357072577,3.9908337473965956,1.8308650697638,0.0,0.0,0.0,0.9497672581224007,0.3129571143122601,0.0026760274512529826,-0.0008880457113268642,-0.0008880457113268642,0.004303167175322958,0.00012101849075810207
1710501492639634736,3.943679756162455,1.858157462894401,0.0,0.0,0.0,0.969257782750213,0.24604745594730484,0.002890355577913,-0.0008065085031806486,-0.0008065085031806486,0.004263399820670262,0.0001328736124591262
1710501492909867950,3.872825564536846,1.8961425468820632,0.0,0.0,0.0,0.9834198550001217,0.1813432898994052,0.003457447531703564,-0.0009706145487093302,-0.0009706145487093302,0.004776541035271143,0.00016807330142553853
1710501493180062442,3.804725159969726,1.9155032382375279,0.0,0.0,0.0,0.9861921764044793,0.16560492504329807,0.0037753841897117143,-0.0010612762151378766,-0.0010612762151378766,0.005165607666281887,0.00016838415722896666
1710501493450147620,3.7284558576765363,1.9425547633460885,0.0,0.0,0.0,0.9859845627593753,0.16683657272973326,0.003042923377282531,-0.0009501006959351262,-0.0009501006959351262,0.004347534644762259,0.00013319000140505534
1710501493732881203,3.6490539116529033,1.9707430154281933,0.0,0.0,0.0,0.9867086871799647,0.16249912813178613,0.003180436881205837,-0.0008871011159933723,-0.0008871011159933723,0.004787088287314725,0.0003096205673069862
1710501494002951289,3.582153448118438,1.9825095722141215,0.0,0.0,0.0,0.9955094645351361,0.09466206220533457,0.002835409547965393,-0.0009503213847690271,-0.0009503213847690271,0.005032560984758853,0.000307680973855556
1710501494273438537,3.5155607439067658,2.0006496033530237,0.0,0.0,0.0,0.9995420070281413,0.03026179416616072,0.0030701122911035487,-0.0007320891814039698,-0.0007320891814039698,0.0047401409056743535,0.00016822273612107568
1710501494543312439,3.4328789261335233,2.0052287903738395,0.0,0.0,0.0,0.9998466841035215,0.017510233784647136,0.0033474735178438547,-0.0007452493186898592,-0.0007452493186898592,0.004814476287777584,0.00031041974769805444
1710501494825882747,3.349545939795191,2.01170693867644,0.0,0.0,0.0,0.9999581648514674,0.009147051267241371,0.0032310344193330703,-0.00073133749540006,-0.00073133749540006,0.0038918593827384266,0.00016815085786977714
1710501495096044184,3.283716968228178,1.9981889842480043,0.0,0.0,0.0,0.9981122255938277,-0.06141648899225641,0.003904323378270224,-0.0007249315953317377,-0.0007249315953317377,0.00418440214680205,0.00012106995587891845
1710501495366345674,3.2024142513512666,1.9864229976350034,0.0,0.0,0.0,0.9965753324008403,-0.08268982313534583,0.0034051704634850536,-0.0007663653448162036,-0.0007663653448162036,0.004379367633637481,0.00013290981689404884
1710501495638326981,3.123856425127338,1.9645555753383424,0.0,0.0,0.0,0.9964598817491919,-0.08406963818398837,0.0038577580804933028,-0.0011332319077761452,-0.0011332319077761452,0.0053007647948015175,0.0003079745347483866
1710501495906603344,3.060552451398517,1.9493579136321229,0.0,0.0,0.0,0.9886317923152609,-0.1503568396299777,0.003682237304506842,-0.0011908823028441637,-0.0011908823028441637,0.005375378109026569,0.00022457672779948847
1710501496189155560,3.0026083138464967,1.922982107774157,0.0,0.0,0.0,0.97903758533544,-0.20367966638953197,0.00418065869674922,-0.000705510887524261,-0.000705510887524261,0.005008361899666647,0.00022841837641130605
1710501496459424143,2.9172289605878805,1.9008714366577204,0.0,0.0,0.0,0.9790284997877738,-0.20372333347778565,0.0036726240341954943,-0.0007289812302282237,-0.0007289812302282237,0.004498509937723872,0.00013240492614267376
1710501496729839021,2.841218295115353,1.8679902419614693,0.0,0.0,0.0,0.9790453952482866,-0.20364212246764274,0.003573109859919168,-0.0005789098498944351,-0.0005789098498944351,0.0039515260986228385,0.00013248220370481266
1710501496999758479,2.7667368702645603,1.8363229853703724,0.0,0.0,0.0,0.9789010067763666,-0.20433506535153445,0.0036925911342951955,-0.00023477637142209522,-0.00023477637142209522,0.0037291903780057828,0.00012097978181873846
1710501497282351990,2.683559594726673,1.786215542898474,0.0,0.0,0.0,0.978286137857484,-0.2072588537937234,0.003524243935277947,-0.0006326162776527881,-0.0006326162776527881,0.004772421383158292,0.00022909477236065568
1710501502195761786,2.4738910408799986,1.070468008056604,0.0,0.0,0.0,-0.445948336037029,0.8950587028713843,0.0049369193826617865,-0.0002488392678756367,-0.0002488392678756367,0.003975066671717887,0.00016809378925676735
1710501502465399802,2.473892604096389,1.0704754382741501,0.0,0.0,0.0,-0.44597394391345785,0.8950459437091908,0.002521173479787865,-0.00035253504140304897,-0.00035253504140304897,0.0027853815831180846,0.00012082064229138005
1710501502735768181,2.473892959800018,1.0704768385078876,0.0,0.0,0.0,-0.4459787104989703,0.8950435686499711,0.0024813255650005823,-0.0005080331824233712,-0.0005080331824233712,0.0034688996281183604,0.00012094890759636047
1710501503005730157,2.4738929631645123,1.0704769576696889,0.0,0.0,0.0,-0.4459789387702208,0.895043454907854,0.0023080936559925374,-0.00047704824609448815,-0.00047704824609448815,0.0029749989421620736,0.00012101803244427468
1710501503288319038,2.4738929653022352,1.0704770333823526,0.0,0.0,0.0,-0.4459791994691676,0.8950433250077007,0.0025028942159888616,-0.0005149957320550451,-0.0005149957320550451,0.0030010304099854254,0.00012086770877880998
1710501503558396716,2.473892966529008,1.07047707683149,0.0,0.0,0.0,-0.4459792496860783,0.8950432999857842,0.0022125493712339323,-0.00043644691570625524,-0.00043644691570625524,0.0026547930571155566,0.0001208735601370684
1710501503828647856,2.47635923264228,1.0537722640437996,0.0,0.0,0.0,-0.4465097433366965,0.8947787710408631,0.0025298684211221617,-0.00047258921970519873,-0.00047258921970519873,0.0032273253553423034,0.0001327929481041435
1710501504098904902,2.5153839719453046,1.0087436025306302,0.0,0.0,0.0,-0.4462557060867514,0.8949054948903906,0.0025322902764093407,-0.0005097540677699893,-0.0005097540677699893,0.003120075258686721,0.00013276942892598642
1710501504368911340,2.5743586373922596,0.9422124639481276,0.0,0.0,0.0,-0.44670866926878905,0.894679476013677,0.0025117889072828184,-0.000715483353258904,-0.000715483353258904,0.0033491925859839193,0.00013309682871215324
1710501505609598055,2.642597793113818,0.8415618225872976,0.0,0.0,0.0,-0.7284589628073492,0.6850894390556908,0.0028851809480300206,-0.0012796488869335186,-0.0012796488869335186,0.004991624444283096,0.00042149549263559446
1710501505879807454,2.649978404573146,0.8535044525128276,0.0,0.0,0.0,-0.8059200717348408,0.5920243558967058,0.0025014606754774405,-0.0010479988712673353,-0.0010479988712673353,0.004256744542150542,0.00013363071597269214
1710501506149938076,2.668432575837178,0.8307906294598562,0.0,0.0,0.0,-0.8101331348534735,0.5862459414038478,0.0025361026827371157,-0.0010932020283990018,-0.0010932020283990018,0.004623753897840018,0.0002293458617330436
1710501506420037624,2.642263304976415,0.809935054638858,0.0,0.0,0.0,-0.8242733325897874,0.5661920815247469,0.0029612721160015643,-0.0013327963113755328,-0.0013327963113755328,0.00457615219106141,0.00023000009394354024
1710501506690414410,2.624252755248972,0.7389527246768368,0.0,0.0,0.0,-0.8584317873574038,0.5129277399930453,0.002911420660400704,-0.0011426619253095804,-0.0011426619253095804,0.004154821089565474,0.00022945855425044237
1710501506960658976,2.577582102113556,0.6942773412888957,0.0,0.0,0.0,0.8902862773380629,-0.45540130037532134,0.0030658247009064574,-0.0011644834817117512,-0.0011644834817117512,0.004321997440874608,0.00022902912425713283
1710501507230811209,2.561462205904502,0.6283815627718663,0.0,0.0,0.0,-0.8615866106300623,0.5076105912833198,0.002809354294401738,-0.001179674713508449,-0.001179674713508449,0.004069352249308198,0.00012131032897862645
1710501507500998145,2.523659535308471,0.5700450706832717,0.0,0.0,0.0,-0.8265592778679595,0.5628496781294252,0.0030573835794080874,-0.0010300042662588437,-0.0010300042662588437,0.003794210954268361,0.00012141099491863873
1710501507783321048,2.5085527327371415,0.4924813159862697,0.0,0.0,0.0,-0.7959090641689703,0.6054161887277822,0.0036770187360566637,-0.0012169134286002874,-0.0012169134286002874,0.0045627709538594826,0.0004233600822291754
1710501508053733852,2.48511578726641,0.4124096351497683,0.0,0.0,0.0,-0.7974612763081041,0.6033701291819554,0.003227559625964565,-0.0011424757861304403,-0.0011424757861304403,0.004419281072034218,0.00016965333175478174
1710501508324056657,2.4620491250553207,0.3337515245589563,0.0,0.0,0.0,-0.79693936963157,0.6040593026609522,0.003143687867906906,-0.000881660070848572,-0.000881660070848572,0.003921517324503203,0.0001214268990082785
1710501508594216353,2.4558787812034906,0.2595841357497738,0.0,0.0,0.0,-0.771815702304533,0.635846303501216,0.003352580296311744,-0.0008532693611645553,-0.0008532693611645553,0.003562315553860561,0.0003123039816018122
1710501508864286531,2.4470749816411956,0.19397453621816477,0.0,0.0,0.0,-0.7288815766117456,0.6846397938156794,0.0031763296119239988,-0.0007751614688095684,-0.0007751614688095684,0.0036710141040042243,0.00017032309290546438
1710501509134603114,2.4573856090001525,0.12817752343927527,0.0,0.0,0.0,-0.6775478259606791,0.73547871725561,0.0034524106432412827,-0.0008055649581240361,-0.0008055649581240361,0.003861772093101234,0.000228872521559145
1710501509404599145,2.4669348249724825,0.06237135259719871,0.0,0.0,0.0,-0.627343777440751,0.7787424381054172,0.0035365085630085368,-0.0007650852620737604,-0.0007650852620737604,0.0038350885467686433,0.00012139137658558554
1710501509687358395,2.465788566570077,-0.006251344735047432,0.0,0.0,0.0,-0.6142758680790874,0.7890913495253156,0.004819578372870013,-0.0016483887099261337,-0.0016483887099261337,0.004461396291330045,0.00031364101778096006
1710501509957430759,2.496458305944664,-0.06998489214741743,0.0,0.0,0.0,-0.6709457999549153,0.741506394795661,0.0038244184963021816,-0.0007564632229573383,-0.0007564632229573383,0.004178467214132416,0.00031575895825421217
1710501510227818637,2.488269667196212,-0.1452463167973233,0.0,0.0,0.0,-0.7165466099628687,0.6975392144895659,0.004300916635312841,-0.0009710986045302137,-0.0009710986045302137,0.0040328859705718355,0.00016953080345982437
1710501510498123183,2.510401291712893,-0.2093460627950172,0.0,0.0,0.0,-0.7368871436509343,0.6760157820065796,0.004556912622871892,-0.0009486848796297594,-0.0009486848796297594,0.00447611223021054,0.00013314928926358964
1710501510768103937,2.4803392477210733,-0.25337079633110327,0.0,0.0,0.0,-0.6954239007499704,0.7185997483061731,0.005131283392355464,-0.0009893330308166045,-0.0009893330308166045,0.0037659039558686994,0.00013352654282000666
1710501511050602893,2.4889097763835757,-0.3417695912247217,0.0,0.0,0.0,-0.7367412838180364,0.6761747412600914,0.004553193043583338,-0.0008830950735468652,-0.0008830950735468652,0.004307734370933735,0.00013336277070535987
1710501511320845496,2.488446562188858,-0.4072974328568306,0.0,0.0,0.0,-0.7795439901506264,0.6263474813711957,0.003721373627033701,-0.00043518035621693986,-0.00043518035621693986,0.0032925180904132627,0.00012106163290734827
1710501511590797879,2.4870231504997133,-0.4976830362297086,0.0,0.0,0.0,-0.8136672991041688,0.5813308235149132,0.0044520995785700054,-0.0005442467836514491,-0.0005442467836514491,0.0033896864861982755,0.00013324970982994902
1710501511861059481,2.4702221038540246,-0.5670934464472932,0.0,0.0,0.0,-0.8119677303600918,0.5837023255512016,0.005272243513077967,-0.0003138057193620234,-0.0003138057193620234,0.004143082953556954,0.00013338544113502664
1710501512131409323,2.453498169592963,-0.6550137580773394,0.0,0.0,0.0,-0.8117134112007738,0.5840559374553125,0.005591708049889227,-0.0008619950769213569,-0.0008619950769213569,0.003970020188437491,0.00012111904592518987
1710501512401745498,2.426822229955259,-0.7331913400621602,0.0,0.0,0.0,-0.8105643795226669,0.5856495425158584,0.004736684404850622,-0.00016094993948843284,-0.00016094993948843284,0.004233134600413841,0.0001332529252852657
1710501512683931088,2.3724748245907237,-0.8007929033012295,0.0,0.0,0.0,-0.8140697627155081,0.5807670974085193,0.005275443336254201,0.00015167540182099077,0.00015167540182099077,0.004541313143887772,0.00022860968795793233
1710501512954174579,2.338371826471274,-0.8475503313274942,0.0,0.0,0.0,-0.840929961434036,0.5411439734142391,0.005536461842914404,0.0007608749672628359,0.0007608749672628359,0.004615661832166198,0.00041922956788207163
1710501513224573254,2.337289834428801,-0.9201629491458067,0.0,0.0,0.0,-0.8496355440491304,0.5273703085009034,0.006299516166906512,5.929767669390413e-05,5.929767669390413e-05,0.004684689767067058,0.00016926550721681286
1710501513629947102,2.276283548407361,-1.0396922746714055,0.0,0.0,0.0,-0.8500695253451752,0.5266704871923514,0.005480913392178446,-5.4593385016006765e-05,-5.4593385016006765e-05,0.003979513354614215,0.00012093206731852868
1710501513900016317,2.238039777583993,-1.1013082843088813,0.0,0.0,0.0,-0.852589952327772,0.5225804944596836,0.004566017083966188,0.000509933543436173,0.000509933543436173,0.003888728419501253,0.00012120584810827294
1710501514183924981,2.1945339074573926,-1.1155689050369577,0.0,0.0,0.0,0.8877421654846382,-0.46034101231657065,0.0050696434098917754,0.0009536922650190318,0.0009536922650190318,0.004478056998701979,0.00012116182165336011
1710501514452758302,2.1898063093015048,-1.17340276845925,0.0,0.0,0.0,0.9113833204305472,-0.41155855384257384,0.005653267249106035,0.0003743028982878298,0.0003743028982878298,0.004648270302161248,0.00022999892509893238
1710501514722954256,2.1501749536827854,-1.2354975624268207,0.0,0.0,0.0,0.9117983214268706,-0.41063830927367384,0.0047951217271861,0.00032565453354518637,0.00032565453354518637,0.0038694881658282183,0.00013293712790862344
1710501515128184198,2.069347673693877,-1.3315166856136738,0.0,0.0,0.0,0.9115141933245281,-0.4112686170472222,0.005903950990605849,-0.0002662212684779026,-0.0002662212684779026,0.00418284623981238,0.0001690746710220936
1710501515398322839,2.0149969172997544,-1.401991327046963,0.0,0.0,0.0,0.9117201914388252,-0.410811748277422,0.005640790339242524,-0.0003064300226720997,-0.0003064300226720997,0.004202321056399559,0.0001213306358916205
1710501515668531238,1.959727049933372,-1.4636529438967043,0.0,0.0,0.0,0.9110729220155992,-0.4122452313489606,0.005153669981575214,0.00033244388537659027,0.00033244388537659027,0.004470365195087928,0.00013325338414054683
1710501515951260062,1.9124325757861105,-1.5134602040818192,0.0,0.0,0.0,0.9130418268246185,-0.4078659368821614,0.005709796457913764,0.0002166159235575975,0.0002166159235575975,0.0036156884094747737,0.00013336100768390256
1710501516221457832,1.8752543505818173,-1.5494259855779415,0.0,0.0,0.0,0.9340262398508727,-0.3572043998469784,0.006132416431829545,0.0005755087225623558,0.0005755087225623558,0.003838963532849847,0.00016906911301258268
1710501516491350123,1.8234439209600082,-1.6083052908348545,0.0,0.0,0.0,0.9362647042265528,-0.3512953225130751,0.006515722873692101,0.00046931758964591664,0.00046931758964591664,0.003814117163788575,0.00022873620535875704
1710501516761709243,1.753499921383559,-1.6653701563519798,0.0,0.0,0.0,0.9370360302672399,-0.34923269890004915,0.004538803476826715,0.0012736929205014414,0.0012736929205014414,0.002959148422548124,0.00012143029737813908
1710501517032095603,1.6968933146079113,-1.7066596148218782,0.0,0.0,0.0,0.9431984520769793,-0.33222986018657347,0.00451746431028534,0.0010940951733782278,0.0010940951733782278,0.002836201879817594,0.0002289259337020987
1710501517314478727,1.668821796935407,-1.724621298280867,0.0,0.0,0.0,0.9692140598511001,-0.24621962997890381,0.0048385414856993636,0.0012335768402989668,0.0012335768402989668,0.0032190826792995735,0.00022856487669622254
1710501517584578387,1.6387161377893087,-1.7506446575216175,0.0,0.0,0.0,0.98141952901906,-0.19187419852603016,0.005057063980410926,0.0013572196808496007,0.0013572196808496007,0.003136237936000199,0.00031457922147294637
1710501517855020802,1.562613051263135,-1.785783910021498,0.0,0.0,0.0,0.9822441850671951,-0.1876069319126612,0.005138734843462549,0.001600127308245285,0.001600127308245285,0.0033696651480173844,0.00023030250487136267
1710501518530635215,1.3684877887208087,-1.8699856493392166,0.0,0.0,0.0,0.9823418023260162,-0.1870951185971305,0.0054776035492208105,0.0014233645796504343,0.0014233645796504343,0.0032052482995806367,0.000133390514849782
1710501518801463404,1.2947875003263687,-1.8987809214761684,0.0,0.0,0.0,0.9817220980118303,-0.1903200522153415,0.00498220264523125,0.0015674266605587358,0.0015674266605587358,0.0032968356445890403,0.00016919876946424006
1710501519083210757,1.2219587281466016,-1.9389495900483973,0.0,0.0,0.0,0.9820707244676817,-0.1885128434444791,0.005060833854416306,0.0013720566522830782,0.0013720566522830782,0.003216169822218602,0.00013340394838672303
1710501519353607450,1.1486147054765752,-1.9728562568347954,0.0,0.0,0.0,0.9825980715490296,-0.18574452828583748,0.005068293365267348,0.0012508118800950122,0.0012508118800950122,0.0031972456662277093,0.00013358679646133752
1710501519623538186,1.0741061450963059,-2.0057817093075676,0.0,0.0,0.0,0.9820643762041921,-0.1885459121558224,0.005009816596856156,0.0012951419663647134,0.0012951419663647134,0.0030928381762517928,0.00023004592873484224
1710501524929710183,-0.3946949844373637,-2.285409609789618,0.0,0.0,0.0,0.9952877322104471,0.09696561303568063,0.005594813889277568,0.0002450207422463364,0.0002450207422463364,0.0035978092502341403,0.00013328027497569559
1710501525212138232,-0.4743629868586713,-2.2750714066127253,0.0,0.0,0.0,0.9954602329394848,0.09517838323940307,0.004116591286450009,0.00010440994938949854,0.00010440994938949854,0.0029332490897621345,0.00013286823713817505
1710501525482143337,-0.5689676882290651,-2.262399403339572,0.0,0.0,0.0,0.9952931242545471,0.09691025132370047,0.004571278760638926,0.00039778541449374234,0.00039778541449374234,0.002564060975270694,0.00013310950033472305
1710501525752342922,-0.6382900045104284,-2.234688109703694,0.0,0.0,0.0,0.9942006772503514,0.10754075206610095,0.004694215294825676,0.0003559104143030499,0.0003559104143030499,0.002922323154906715,0.00022751959614130947
1710501526022494951,-0.7029057175704623,-2.2135605589887675,0.0,0.0,0.0,0.9843073105467279,0.1764627960910386,0.0046139641665482465,0.00017265564529619147,0.00017265564529619147,0.0029422053645594415,0.00012130978529468423
1710501526304973445,-0.7646923004201185,-2.1821173574449846,0.0,0.0,0.0,0.9693213493535268,0.24579691146850927,0.00455674667970384,-7.754836546527731e-05,-7.754836546527731e-05,0.002955029565537506,0.0001330592314941997
1710501526575085604,-0.7897065369119005,-2.1444750207752348,0.0,0.0,0.0,0.9447330578768242,0.32784058527690757,0.004984537230990438,2.5274757977179603e-05,2.5274757977179603e-05,0.0033461121049641225,0.0001694360108355821
1710501526845741554,-0.7873891453232791,-2.140165532197029,0.0,0.0,0.0,0.895375200523554,0.4453125310244541,0.005585919849795343,-1.9922317520958016e-05,-1.9922317520958016e-05,0.00453548849980069,0.00022731593208220963
1710501527115727325,-0.7848329632807838,-2.1374998427300045,0.0,0.0,0.0,0.8308762031658483,0.5564573074483827,0.004956399837865812,0.00012057134789441463,0.00012057134789441463,0.003330810762144881,0.0001681723889532508
1710501527399101940,-0.8080769061640769,-2.137794599150975,0.0,0.0,0.0,0.7441738826506225,0.6679859522330523,0.005813438762700995,-3.171013000941866e-05,-3.171013000941866e-05,0.0035497412940769914,0.0002273417402860658
1710501527669347209,-0.7948329299142993,-2.139935730350959,0.0,0.0,0.0,0.6643929377614164,0.7473834519527139,0.006985267649494599,0.0003052597178103282,0.0003052597178103282,0.004254126873140111,0.00016960036733217702
1710501527938637025,-0.7925767301838618,-2.114609283187659,0.0,0.0,0.0,0.6386741982342862,0.769477269651152,0.006392455358813803,-4.36463321043166e-05,-4.36463321043166e-05,0.003938387884890455,0.0001212673756011468
1710501528209542879,-0.7995844204852827,-2.0322898754074696,0.0,0.0,0.0,0.6227217839464113,0.7824433396729753,0.006236131387030171,9.362218667159209e-05,9.362218667159209e-05,0.004586316805591318,0.00023091884312378445
1710501528479094267,-0.7942247710973689,-1.9773262868837915,0.0,0.0,0.0,0.5698748440568412,0.82173150244541,0.005614371934883685,-0.00011924801667113154,-0.00011924801667113154,0.0038175540584468085,0.00023052509990810046
1710501528749088557,-0.7593689616951351,-1.918954568144,0.0,0.0,0.0,0.5605644294070085,0.8281108141327433,0.005177188963137866,-0.000253464635490673,-0.000253464635490673,0.0039342252602703135,0.00031422753940657316
1710501529031713845,-0.7265306452197017,-1.8451208193947453,0.0,0.0,0.0,0.563775010692508,0.825928409318061,0.0053367405073928885,-4.727722775609133e-05,-4.727722775609133e-05,0.003548960282841754,0.00016933793774166354
1710501529301900782,-0.7053594126473515,-1.7603328426111502,0.0,0.0,0.0,0.5641579671606548,0.8256668747680008,0.004601110690931846,2.314931750015376e-05,2.314931750015376e-05,0.004140592562960413,0.00012124920082388193
1710501529572211624,-0.6775726986858301,-1.6789383892346184,0.0,0.0,0.0,0.5636377058872615,0.82602211623064,0.004747231845154326,-0.000148211883017357,-0.000148211883017357,0.003547909715050483,0.0001332849201555796
1710501529977224050,-0.6248483104942056,-1.5594109720564842,0.0,0.0,0.0,0.5654840757598557,0.8247592133841378,0.004665879996393571,-0.0002384168084678719,-0.0002384168084678719,0.0036555580802147274,0.00016949436703273432
1710501530247537966,-0.6002295515509066,-1.4751476784411874,0.0,0.0,0.0,0.5626498739068679,0.8266953002119859,0.004250616485903337,-0.00041778563197634793,-0.00041778563197634793,0.003508466992895635,0.00012137034665179489
1710501530530179958,-0.5697802587569109,-1.3983133298668553,0.0,0.0,0.0,0.5645144727386248,0.8254231703003209,0.004233975452579265,-0.0001553130583794765,-0.0001553130583794765,0.003596185566321266,0.00012133769798457458
1710501530800537559,-0.5388855934865394,-1.3215915763038926,0.0,0.0,0.0,0.5635895677060436,0.8260549613511894,0.004654959977924373,-0.00033866669237023,-0.00033866669237023,0.003859396089977906,0.00013264511080547808
1710501531070404999,-0.5185136905993966,-1.2366974417436376,0.0,0.0,0.0,0.5603432800187784,0.8282604714326266,0.003984220614430364,-0.0002649923628888099,-0.0002649923628888099,0.0038021309315059695,0.0001212283498222592
1710501531475621608,-0.46950866340762093,-1.1286077585895318,0.0,0.0,0.0,0.5619616115423361,0.8271633134712518,0.004363063711862752,-0.0003196130409266606,-0.0003196130409266606,0.004047682545724458,0.0001688939613154676
1710501531758431228,-0.45233182388716253,-1.0458049202235626,0.0,0.0,0.0,0.5605220343243573,0.8281395106121214,0.003862540442662283,-0.0004877519385076728,-0.0004877519385076728,0.00349101969358107,0.0001329309381750234
